Name,pIC50
68,7.619788758
79,7.327902142
2,6.899629455
32,6.625251654
50,6.336299075
58,6
48,5.612966299
25,5
66,5
8,4.795880017
21,4.397940009
